{
    "name": "DF_Staging_Load_From_SHP_Files",
    "properties": {
        "type": "MappingDataFlow",
        "typeProperties": {
            "sources": [
                {
                    "dataset": {
                        "referenceName": "DS_TR_Shap_Stg_Source",
                        "type": "DatasetReference"
                    },
                    "name": "TrShapTxtSource"
                },
                {
                    "dataset": {
                        "referenceName": "DS_AzureSqlDimDate",
                        "type": "DatasetReference"
                    },
                    "name": "DimDateSource"
                }
            ],
            "sinks": [
                {
                    "linkedService": {
                        "referenceName": "AzureSqlDB_TRCard_DW",
                        "type": "LinkedServiceReference"
                    },
                    "name": "SinkStageTable"
                }
            ],
            "transformations": [
                {
                    "name": "DimDateSelect"
                },
                {
                    "name": "SelectFinancialDate"
                },
                {
                    "name": "SelectSettlementDate"
                },
                {
                    "name": "derivedColumns"
                },
                {
                    "name": "JoinWithSettlementDate"
                },
                {
                    "name": "JoinWithFinancialDate"
                },
                {
                    "name": "JoinWithLocalDate"
                },
                {
                    "name": "SelectLocalDate"
                },
                {
                    "name": "JoinSwitchDate"
                },
                {
                    "name": "SelectSwitchDate"
                },
                {
                    "name": "surrogateKey"
                },
                {
                    "name": "SelectStgTblColumns"
                }
            ],
            "scriptLines": [
                "parameters{",
                "     P_ImportId as integer,",
                "     P_StgFileName as string",
                "}",
                "source(output(",
                "          FinancialDate as integer,",
                "          SettlementDate as integer,",
                "          LocalTime as string,",
                "          LocalDate as integer,",
                "          InTime as string,",
                "          OutTime as string,",
                "          SwitchDate as integer,",
                "          TraceNo as integer,",
                "          Amount as long,",
                "          CardNo as string,",
                "          AcquirePSPCode as string,",
                "          AcquireBankCode as string,",
                "          IssuerBankCode as string,",
                "          LocalOrShetab as string,",
                "          ToAccNo as string,",
                "          AcquireIban as string,",
                "          PrCode as short,",
                "          TransAccountCode as string,",
                "          BranchCode as string,",
                "          SenfCode as string,",
                "          MerchantCode as string,",
                "          TerminalTypeCode as short,",
                "          SerialNo as string,",
                "          TerminalNo as string,",
                "          ResponseCode as short,",
                "          ReturnCode as short,",
                "          MessageCode as short,",
                "          StatusCode as integer,",
                "          SuccOrFail as string,",
                "          IssuerFee as long,",
                "          IssuerBankFee as long,",
                "          ShetabFee as long,",
                "          ShapFee as long,",
                "          PSPAcquiretFee as long,",
                "          MerchantFee as long,",
                "          BillNo as string,",
                "          PaymentNo as string,",
                "          BillTypeOrganCode as string,",
                "          OperationCode as short,",
                "          DelayTime as string,",
                "          GroupNo as string,",
                "          CycleNoPreplanned as short,",
                "          ReversalMessageCode as short,",
                "          ReversalSuccOrFail as string,",
                "          Shaparak as string,",
                "          ReferenceNo as integer,",
                "          SettlementIban as string",
                "     ),",
                "     allowSchemaDrift: true,",
                "     validateSchema: false,",
                "     ignoreNoFilesFound: false) ~> TrShapTxtSource",
                "source(output(",
                "          DateKey as integer,",
                "          FullDateAlternateKey as date,",
                "          DayNumberOfWeek as integer,",
                "          EnglishDayNameOfWeek as string,",
                "          DayNumberOfMonth as integer,",
                "          DayNumberOfYear as integer,",
                "          WeekNumberOfYear as integer,",
                "          EnglishMonthName as string,",
                "          MonthNumberOfYear as integer,",
                "          CalendarQuarter as integer,",
                "          CalendarYear as integer,",
                "          CalendarSemester as integer,",
                "          FiscalQuarter as integer,",
                "          FiscalYear as integer,",
                "          FiscalSemester as integer,",
                "          PersianDateKey as integer",
                "     ),",
                "     allowSchemaDrift: true,",
                "     validateSchema: false,",
                "     isolationLevel: 'READ_UNCOMMITTED',",
                "     format: 'table') ~> DimDateSource",
                "DimDateSource select(mapColumn(",
                "          DateKey,",
                "          PersianDateKey",
                "     ),",
                "     skipDuplicateMapInputs: true,",
                "     skipDuplicateMapOutputs: true) ~> DimDateSelect",
                "JoinWithFinancialDate select(mapColumn(",
                "          FinancialDateKey = DateKey,",
                "          SettlementDate,",
                "          LocalTime,",
                "          LocalDate,",
                "          InTime,",
                "          OutTime,",
                "          SwitchDate,",
                "          TraceNo,",
                "          Amount,",
                "          CardNo,",
                "          AcquirePSPCode,",
                "          AcquireBankCode,",
                "          IssuerBankCode,",
                "          LocalOrShetab,",
                "          ToAccNo,",
                "          AcquireIban,",
                "          PrCode,",
                "          TransAccountCode,",
                "          BranchCode,",
                "          SenfCode,",
                "          MerchantCode,",
                "          TerminalTypeCode,",
                "          SerialNo,",
                "          TerminalNo,",
                "          ResponseCode,",
                "          ReturnCode,",
                "          MessageCode,",
                "          StatusCode,",
                "          SuccOrFail,",
                "          IssuerFee,",
                "          IssuerBankFee,",
                "          ShetabFee,",
                "          ShapFee,",
                "          PSPAcquiretFee,",
                "          MerchantFee,",
                "          BillNo,",
                "          PaymentNo,",
                "          BillTypeOrganCode,",
                "          OperationCode,",
                "          DelayTime,",
                "          GroupNo,",
                "          CycleNoPreplanned,",
                "          ReversalMessageCode,",
                "          ReversalSuccOrFail,",
                "          Shaparak,",
                "          ReferenceNo,",
                "          SettlementIban",
                "     ),",
                "     skipDuplicateMapInputs: true,",
                "     skipDuplicateMapOutputs: true) ~> SelectFinancialDate",
                "JoinWithSettlementDate select(mapColumn(",
                "          FinancialDateKey,",
                "          SettlementDateKey = DateKey,",
                "          LocalTime,",
                "          LocalDate,",
                "          InTime,",
                "          OutTime,",
                "          SwitchDate,",
                "          TraceNo,",
                "          Amount,",
                "          CardNo,",
                "          AcquirePSPCode,",
                "          AcquireBankCode,",
                "          IssuerBankCode,",
                "          LocalOrShetab,",
                "          ToAccNo,",
                "          AcquireIban,",
                "          PrCode,",
                "          TransAccountCode,",
                "          BranchCode,",
                "          SenfCode,",
                "          MerchantCode,",
                "          TerminalTypeCode,",
                "          SerialNo,",
                "          TerminalNo,",
                "          ResponseCode,",
                "          ReturnCode,",
                "          MessageCode,",
                "          StatusCode,",
                "          SuccOrFail,",
                "          IssuerFee,",
                "          IssuerBankFee,",
                "          ShetabFee,",
                "          ShapFee,",
                "          PSPAcquiretFee,",
                "          MerchantFee,",
                "          BillNo,",
                "          PaymentNo,",
                "          BillTypeOrganCode,",
                "          OperationCode,",
                "          DelayTime,",
                "          GroupNo,",
                "          CycleNoPreplanned,",
                "          ReversalMessageCode,",
                "          ReversalSuccOrFail,",
                "          Shaparak,",
                "          ReferenceNo,",
                "          SettlementIban",
                "     ),",
                "     skipDuplicateMapInputs: true,",
                "     skipDuplicateMapOutputs: true) ~> SelectSettlementDate",
                "SelectSwitchDate derive(ImportId = $P_ImportId,",
                "          AcquireBankCode1 = left(replace(AcquirePSPCode, \"-\", \"\") , 6),",
                "          AcquireBankCode2 = substring(replace(AcquirePSPCode,\"-\",\"\"),7,4),",
                "          IssuerBankCode1 = left(replace(IssuerBankCode,\"-\",\"\"),6),",
                "          IssuerBankCode2 = substring(replace(IssuerBankCode,\"-\",\"\"),7,4),",
                "          FromAccCode = left(TransAccountCode,2),",
                "          ToAccCode = substring(TransAccountCode,3,2),",
                "          BillType1 = left(BillTypeOrganCode,2),",
                "          BillType2 = substring(BillTypeOrganCode,3,2),",
                "          OrganCode = substring(BillTypeOrganCode,5,4),",
                "          SettlementAccNo = iif(length(trim(SettlementIban)) > 10 , substring(SettlementIban,14,2) + \"XXXXXX\" + substring(SettlementIban,22,5), \"\"),",
                "          LocalTime = left(LocalTime,2) + \":\" + substring(LocalTime,3,2) + \":\" + substring(LocalTime,5,2),",
                "          InTime = left(InTime,2) + \":\" + substring(InTime,3,2) + \":\" + substring(InTime,5,2),",
                "          OutTime = left(OutTime,2) + \":\" + substring(OutTime,3,2) + \":\" + substring(OutTime,5,2),",
                "          CardNo = left(CardNo,6) + \"XXXXXX\" + substring(CardNo,13,4),",
                "          DelayTime = iif(DelayTime == \"240000\", \"23:59:59\", left(DelayTime,2) + \":\" + substring(DelayTime,3,2) + \":\" + substring(DelayTime,5,2)),",
                "          ToAccNo = left(ToAccNo,2) + \"XXXXXX\" + substring(ToAccNo,9,5),",
                "          SettlementIban = iif(length(trim(SettlementIban)) > 10, left(SettlementIban,15) + \"XXXXXX\" + substring(SettlementIban,22,5), \"\"),",
                "          AcquireIban = left(AcquireIban,15) + \"XXXXXX\" + substring(AcquireIban,22,5)) ~> derivedColumns",
                "SelectFinancialDate, DimDateSelect join(SettlementDate == PersianDateKey,",
                "     joinType:'left',",
                "     matchType:'exact',",
                "     ignoreSpaces: false,",
                "     broadcast: 'auto')~> JoinWithSettlementDate",
                "TrShapTxtSource, DimDateSelect join(FinancialDate == PersianDateKey,",
                "     joinType:'left',",
                "     matchType:'exact',",
                "     ignoreSpaces: false,",
                "     broadcast: 'auto')~> JoinWithFinancialDate",
                "SelectSettlementDate, DimDateSelect join(LocalDate == PersianDateKey,",
                "     joinType:'left',",
                "     matchType:'exact',",
                "     ignoreSpaces: false,",
                "     broadcast: 'auto')~> JoinWithLocalDate",
                "JoinWithLocalDate select(mapColumn(",
                "          FinancialDateKey,",
                "          SettlementDateKey,",
                "          LocalTime,",
                "          LocalDateKey = DateKey,",
                "          InTime,",
                "          OutTime,",
                "          SwitchDate,",
                "          TraceNo,",
                "          Amount,",
                "          CardNo,",
                "          AcquirePSPCode,",
                "          AcquireBankCode,",
                "          IssuerBankCode,",
                "          LocalOrShetab,",
                "          ToAccNo,",
                "          AcquireIban,",
                "          PrCode,",
                "          TransAccountCode,",
                "          BranchCode,",
                "          SenfCode,",
                "          MerchantCode,",
                "          TerminalTypeCode,",
                "          SerialNo,",
                "          TerminalNo,",
                "          ResponseCode,",
                "          ReturnCode,",
                "          MessageCode,",
                "          StatusCode,",
                "          SuccOrFail,",
                "          IssuerFee,",
                "          IssuerBankFee,",
                "          ShetabFee,",
                "          ShapFee,",
                "          PSPAcquiretFee,",
                "          MerchantFee,",
                "          BillNo,",
                "          PaymentNo,",
                "          BillTypeOrganCode,",
                "          OperationCode,",
                "          DelayTime,",
                "          GroupNo,",
                "          CycleNoPreplanned,",
                "          ReversalMessageCode,",
                "          ReversalSuccOrFail,",
                "          Shaparak,",
                "          ReferenceNo,",
                "          SettlementIban",
                "     ),",
                "     skipDuplicateMapInputs: true,",
                "     skipDuplicateMapOutputs: true) ~> SelectLocalDate",
                "SelectLocalDate, DimDateSelect join(SwitchDate == PersianDateKey,",
                "     joinType:'left',",
                "     matchType:'exact',",
                "     ignoreSpaces: false,",
                "     broadcast: 'auto')~> JoinSwitchDate",
                "JoinSwitchDate select(mapColumn(",
                "          FinancialDateKey,",
                "          SettlementDateKey,",
                "          LocalTime,",
                "          LocalDateKey,",
                "          InTime,",
                "          OutTime,",
                "          SwitchDateKey = DateKey,",
                "          TraceNo,",
                "          Amount,",
                "          CardNo,",
                "          AcquirePSPCode,",
                "          AcquireBankCode,",
                "          IssuerBankCode,",
                "          LocalOrShetab,",
                "          ToAccNo,",
                "          AcquireIban,",
                "          PrCode,",
                "          TransAccountCode,",
                "          BranchCode,",
                "          SenfCode,",
                "          MerchantCode,",
                "          TerminalTypeCode,",
                "          SerialNo,",
                "          TerminalNo,",
                "          ResponseCode,",
                "          ReturnCode,",
                "          MessageCode,",
                "          StatusCode,",
                "          SuccOrFail,",
                "          IssuerFee,",
                "          IssuerBankFee,",
                "          ShetabFee,",
                "          ShapFee,",
                "          PSPAcquiretFee,",
                "          MerchantFee,",
                "          BillNo,",
                "          PaymentNo,",
                "          BillTypeOrganCode,",
                "          OperationCode,",
                "          DelayTime,",
                "          GroupNo,",
                "          CycleNoPreplanned,",
                "          ReversalMessageCode,",
                "          ReversalSuccOrFail,",
                "          Shaparak,",
                "          ReferenceNo,",
                "          SettlementIban",
                "     ),",
                "     skipDuplicateMapInputs: true,",
                "     skipDuplicateMapOutputs: true) ~> SelectSwitchDate",
                "derivedColumns keyGenerate(output(Id as long),",
                "     startAt: 1L,",
                "     stepValue: 1L) ~> surrogateKey",
                "surrogateKey select(mapColumn(",
                "          Id,",
                "          ImportId,",
                "          FinancialDateKey,",
                "          SettlementDateKey,",
                "          LocalTime,",
                "          LocalDateKey,",
                "          InTime,",
                "          OutTime,",
                "          SwitchDateKey,",
                "          TraceNo,",
                "          Amount,",
                "          CardNo,",
                "          AcquireBankCode1,",
                "          AcquireBankCode2,",
                "          IssuerBankCode1,",
                "          IssuerBankCode2,",
                "          LocalOrShetab,",
                "          ToAccNo,",
                "          AcquireIban,",
                "          PrCode,",
                "          FromAccCode,",
                "          ToAccCode,",
                "          BranchCode,",
                "          SenfCode,",
                "          MerchantCode,",
                "          TerminalTypeCode,",
                "          SerialNo,",
                "          TerminalNo,",
                "          ResponseCode,",
                "          ReturnCode,",
                "          MessageCode,",
                "          StatusCode,",
                "          SuccOrFail,",
                "          IssuerFee,",
                "          IssuerBankFee,",
                "          ShetabFee,",
                "          ShapFee,",
                "          PSPAcquiretFee,",
                "          MerchantFee,",
                "          BillNo,",
                "          PaymentNo,",
                "          BillType1,",
                "          BillType2,",
                "          OrganCode,",
                "          OperationCode,",
                "          DelayTime,",
                "          GroupNo,",
                "          CycleNoPreplanned,",
                "          ReversalMessageCode,",
                "          ReversalSuccOrFail,",
                "          Shaparak,",
                "          ReferenceNo,",
                "          SettlementIban,",
                "          SettlementAccNo",
                "     ),",
                "     skipDuplicateMapInputs: true,",
                "     skipDuplicateMapOutputs: true) ~> SelectStgTblColumns",
                "SelectStgTblColumns sink(allowSchemaDrift: true,",
                "     validateSchema: false,",
                "     format: 'table',",
                "     store: 'sqlserver',",
                "     schemaName: 'dbo',",
                "     tableName: ($P_StgFileName),",
                "     insertable: true,",
                "     updateable: false,",
                "     deletable: false,",
                "     upsertable: false,",
                "     recreate: true,",
                "     skipDuplicateMapInputs: true,",
                "     skipDuplicateMapOutputs: true,",
                "     errorHandlingOption: 'stopOnFirstError') ~> SinkStageTable"
            ]
        }
    }
}