{
    "name": "DS_TR_Shap_Source",
    "properties": {
        "linkedServiceName": {
            "referenceName": "LS_TrCardStgAcc",
            "type": "LinkedServiceReference"
        },
        "annotations": [],
        "type": "DelimitedText",
        "typeProperties": {
            "location": {
                "type": "AzureBlobStorageLocation",
                "container": "shapfiles"
            },
            "columnDelimiter": "|",
            "rowDelimiter": "\n",
            "compressionCodec": "ZipDeflate",
            "compressionLevel": "Optimal",
            "escapeChar": "\\",
            "firstRowAsHeader": true,
            "quoteChar": null
        },
        "schema": []
    },
    "type": "Microsoft.DataFactory/factories/datasets"
}