{
    "$schema": "http://schema.management.azure.com/schemas/2015-01-01/deploymentTemplate.json#",
    "contentVersion": "1.0.0.0",
    "parameters": {
        "factoryName": {
            "type": "string",
            "metadata": "Data Factory name",
            "defaultValue": "TRCard-ADF"
        },
        "LS_TrCardStgAcc_connectionString": {
            "type": "secureString",
            "metadata": "Secure string for 'connectionString' of 'LS_TrCardStgAcc'"
        },
        "AzureSqlDB_TRCard_DW_password": {
            "type": "secureString",
            "metadata": "Secure string for 'password' of 'AzureSqlDB_TRCard_DW'"
        },
        "AzureSqlDB_TRCard_DW_properties_typeProperties_server": {
            "type": "string",
            "defaultValue": "trcard-srv.database.windows.net"
        },
        "AzureSqlDB_TRCard_DW_properties_typeProperties_database": {
            "type": "string",
            "defaultValue": "TRCard_DW"
        },
        "AzureSqlDB_TRCard_DW_properties_typeProperties_userName": {
            "type": "string",
            "defaultValue": "adm"
        },
        "containerUri": {
            "type": "string",
            "metadata": "URI to storage account containing linked ARM templates"
        },
        "containerSasToken": {
            "type": "string",
            "metadata": "Sas token to storage account containing linked ARM templates"
        }
    },
    "variables": {
        "factoryId": "[concat('Microsoft.DataFactory/factories/', parameters('factoryName'))]"
    },
    "resources": [
        {
            "name": "TRCard-ADF_ArmTemplate_0",
            "type": "Microsoft.Resources/deployments",
            "apiVersion": "2024-03-01",
            "properties": {
                "mode": "incremental",
                "templateLink": {
                    "uri": "[concat(parameters('containerUri'), '/ArmTemplate_0.json', parameters('containerSasToken'))]",
                    "contentVersion": "1.0.0.0"
                },
                "parameters": {
                    "factoryName": {
                        "value": "[parameters('factoryName')]"
                    },
                    "LS_TrCardStgAcc_connectionString": {
                        "value": "[parameters('LS_TrCardStgAcc_connectionString')]"
                    },
                    "AzureSqlDB_TRCard_DW_password": {
                        "value": "[parameters('AzureSqlDB_TRCard_DW_password')]"
                    },
                    "AzureSqlDB_TRCard_DW_properties_typeProperties_server": {
                        "value": "[parameters('AzureSqlDB_TRCard_DW_properties_typeProperties_server')]"
                    },
                    "AzureSqlDB_TRCard_DW_properties_typeProperties_database": {
                        "value": "[parameters('AzureSqlDB_TRCard_DW_properties_typeProperties_database')]"
                    },
                    "AzureSqlDB_TRCard_DW_properties_typeProperties_userName": {
                        "value": "[parameters('AzureSqlDB_TRCard_DW_properties_typeProperties_userName')]"
                    }
                }
            },
            "dependsOn": []
        }
    ]
}