{
    "name": "2_PL_Staging_Load_From_SHP_Files",
    "properties": {
        "activities": [
            {
                "name": "Get Files Metadata",
                "type": "GetMetadata",
                "dependsOn": [],
                "policy": {
                    "timeout": "0.12:00:00",
                    "retry": 0,
                    "retryIntervalInSeconds": 30,
                    "secureOutput": false,
                    "secureInput": false
                },
                "userProperties": [],
                "typeProperties": {
                    "dataset": {
                        "referenceName": "DS_TR_Shap_Stg_Source",
                        "type": "DatasetReference"
                    },
                    "fieldList": [
                        "childItems"
                    ],
                    "storeSettings": {
                        "type": "AzureBlobStorageReadSettings",
                        "recursive": true,
                        "enablePartitionDiscovery": false
                    },
                    "formatSettings": {
                        "type": "DelimitedTextReadSettings"
                    }
                }
            },
            {
                "name": "Filter Shap Files",
                "type": "Filter",
                "dependsOn": [
                    {
                        "activity": "Get Files Metadata",
                        "dependencyConditions": [
                            "Succeeded"
                        ]
                    }
                ],
                "userProperties": [],
                "typeProperties": {
                    "items": {
                        "value": "@activity('Get Files Metadata').output.childItems",
                        "type": "Expression"
                    },
                    "condition": {
                        "value": "@contains(item().name,'.txt')",
                        "type": "Expression"
                    }
                }
            },
            {
                "name": "ForEach Shap Files",
                "type": "ForEach",
                "dependsOn": [
                    {
                        "activity": "Filter Shap Files",
                        "dependencyConditions": [
                            "Succeeded"
                        ]
                    }
                ],
                "userProperties": [],
                "typeProperties": {
                    "items": {
                        "value": "@activity('Filter Shap Files').output.value",
                        "type": "Expression"
                    },
                    "activities": [
                        {
                            "name": "Set Start DateTime Variable",
                            "type": "SetVariable",
                            "dependsOn": [],
                            "policy": {
                                "secureOutput": false,
                                "secureInput": false
                            },
                            "userProperties": [],
                            "typeProperties": {
                                "variableName": "V_StartDate",
                                "value": {
                                    "value": "@utcNow()",
                                    "type": "Expression"
                                }
                            }
                        },
                        {
                            "name": "Check Duplicate File",
                            "type": "Lookup",
                            "dependsOn": [
                                {
                                    "activity": "Set Start DateTime Variable",
                                    "dependencyConditions": [
                                        "Succeeded"
                                    ]
                                }
                            ],
                            "policy": {
                                "timeout": "0.12:00:00",
                                "retry": 0,
                                "retryIntervalInSeconds": 30,
                                "secureOutput": false,
                                "secureInput": false
                            },
                            "userProperties": [],
                            "typeProperties": {
                                "source": {
                                    "type": "AzureSqlSource",
                                    "sqlReaderStoredProcedureName": "[dbo].[CheckDuplicateFile]",
                                    "storedProcedureParameters": {
                                        "FileName": {
                                            "type": "String",
                                            "value": {
                                                "value": "@item().name",
                                                "type": "Expression"
                                            }
                                        }
                                    },
                                    "queryTimeout": "02:00:00",
                                    "partitionOption": "None"
                                },
                                "dataset": {
                                    "referenceName": "DS_AzureSql",
                                    "type": "DatasetReference"
                                }
                            }
                        },
                        {
                            "name": "If Condition Duplicate File",
                            "type": "IfCondition",
                            "dependsOn": [
                                {
                                    "activity": "Check Duplicate File",
                                    "dependencyConditions": [
                                        "Succeeded"
                                    ]
                                }
                            ],
                            "userProperties": [],
                            "typeProperties": {
                                "expression": {
                                    "value": "@equals(activity('Check Duplicate File').output.firstRow.IsDuplicateFile, 1)",
                                    "type": "Expression"
                                },
                                "ifFalseActivities": [
                                    {
                                        "name": "DF_Staging_Load_From_SHP_Files",
                                        "type": "ExecuteDataFlow",
                                        "dependsOn": [
                                            {
                                                "activity": "Get Seq_FileImport_Log",
                                                "dependencyConditions": [
                                                    "Succeeded"
                                                ]
                                            }
                                        ],
                                        "policy": {
                                            "timeout": "0.12:00:00",
                                            "retry": 0,
                                            "retryIntervalInSeconds": 30,
                                            "secureOutput": false,
                                            "secureInput": false
                                        },
                                        "userProperties": [],
                                        "typeProperties": {
                                            "dataflow": {
                                                "referenceName": "DF_Staging_Load_From_SHP_Files",
                                                "type": "DataFlowReference",
                                                "parameters": {
                                                    "P_ImportId": {
                                                        "value": "@activity('Get Seq_FileImport_Log').output.firstRow.ImportId",
                                                        "type": "Expression"
                                                    },
                                                    "P_StgFileName": {
                                                        "value": "'@{item().name}'",
                                                        "type": "Expression"
                                                    }
                                                }
                                            },
                                            "compute": {
                                                "coreCount": 8,
                                                "computeType": "General"
                                            },
                                            "traceLevel": "Fine"
                                        }
                                    },
                                    {
                                        "name": "Get Seq_FileImport_Log",
                                        "type": "Lookup",
                                        "dependsOn": [],
                                        "policy": {
                                            "timeout": "0.12:00:00",
                                            "retry": 0,
                                            "retryIntervalInSeconds": 30,
                                            "secureOutput": false,
                                            "secureInput": false
                                        },
                                        "userProperties": [],
                                        "typeProperties": {
                                            "source": {
                                                "type": "AzureSqlSource",
                                                "sqlReaderQuery": "SELECT NEXT VALUE FOR [dbo].[Seq_FileImport_Log] AS ImportId;",
                                                "queryTimeout": "02:00:00",
                                                "partitionOption": "None"
                                            },
                                            "dataset": {
                                                "referenceName": "DS_AzureSql",
                                                "type": "DatasetReference"
                                            }
                                        }
                                    },
                                    {
                                        "name": "Insert ETL_FileImport_Log",
                                        "type": "SqlServerStoredProcedure",
                                        "dependsOn": [
                                            {
                                                "activity": "DF_Staging_Load_From_SHP_Files",
                                                "dependencyConditions": [
                                                    "Succeeded"
                                                ]
                                            }
                                        ],
                                        "policy": {
                                            "timeout": "0.12:00:00",
                                            "retry": 0,
                                            "retryIntervalInSeconds": 30,
                                            "secureOutput": false,
                                            "secureInput": false
                                        },
                                        "userProperties": [],
                                        "typeProperties": {
                                            "storedProcedureName": "[dbo].[Insert ETL_FileImport_Log]",
                                            "storedProcedureParameters": {
                                                "FileName": {
                                                    "value": {
                                                        "value": "@item().name",
                                                        "type": "Expression"
                                                    },
                                                    "type": "String"
                                                },
                                                "ImportId": {
                                                    "value": {
                                                        "value": "@activity('Get Seq_FileImport_Log').output.firstRow.ImportId",
                                                        "type": "Expression"
                                                    },
                                                    "type": "Int32"
                                                },
                                                "ImportStartDate": {
                                                    "value": {
                                                        "value": "@variables('V_StartDate')",
                                                        "type": "Expression"
                                                    },
                                                    "type": "Datetime"
                                                }
                                            }
                                        },
                                        "linkedServiceName": {
                                            "referenceName": "AzureSqlDB_TRCard_DW",
                                            "type": "LinkedServiceReference"
                                        }
                                    },
                                    {
                                        "name": "Copy Shap File To Archive",
                                        "type": "Copy",
                                        "dependsOn": [
                                            {
                                                "activity": "Insert ETL_FileImport_Log",
                                                "dependencyConditions": [
                                                    "Succeeded"
                                                ]
                                            }
                                        ],
                                        "policy": {
                                            "timeout": "0.12:00:00",
                                            "retry": 0,
                                            "retryIntervalInSeconds": 30,
                                            "secureOutput": false,
                                            "secureInput": false
                                        },
                                        "userProperties": [],
                                        "typeProperties": {
                                            "source": {
                                                "type": "DelimitedTextSource",
                                                "storeSettings": {
                                                    "type": "AzureBlobStorageReadSettings",
                                                    "recursive": true,
                                                    "wildcardFolderPath": "ShapFiles",
                                                    "wildcardFileName": {
                                                        "value": "@item().name",
                                                        "type": "Expression"
                                                    },
                                                    "enablePartitionDiscovery": false
                                                },
                                                "formatSettings": {
                                                    "type": "DelimitedTextReadSettings"
                                                }
                                            },
                                            "sink": {
                                                "type": "DelimitedTextSink",
                                                "storeSettings": {
                                                    "type": "AzureBlobStorageWriteSettings"
                                                },
                                                "formatSettings": {
                                                    "type": "DelimitedTextWriteSettings",
                                                    "quoteAllText": true,
                                                    "fileExtension": ".txt"
                                                }
                                            },
                                            "enableStaging": false,
                                            "translator": {
                                                "type": "TabularTranslator",
                                                "typeConversion": true,
                                                "typeConversionSettings": {
                                                    "allowDataTruncation": true,
                                                    "treatBooleanAsNumber": false
                                                }
                                            }
                                        },
                                        "inputs": [
                                            {
                                                "referenceName": "DS_TR_Shap_Stg_Source",
                                                "type": "DatasetReference"
                                            }
                                        ],
                                        "outputs": [
                                            {
                                                "referenceName": "DS_TR_Shap_Archive",
                                                "type": "DatasetReference",
                                                "parameters": {
                                                    "P_FileName": "@item().name"
                                                }
                                            }
                                        ]
                                    },
                                    {
                                        "name": "Delete Stage File",
                                        "type": "Delete",
                                        "dependsOn": [
                                            {
                                                "activity": "Copy Shap File To Archive",
                                                "dependencyConditions": [
                                                    "Succeeded"
                                                ]
                                            }
                                        ],
                                        "policy": {
                                            "timeout": "0.12:00:00",
                                            "retry": 0,
                                            "retryIntervalInSeconds": 30,
                                            "secureOutput": false,
                                            "secureInput": false
                                        },
                                        "userProperties": [],
                                        "typeProperties": {
                                            "dataset": {
                                                "referenceName": "DS_TR_Shap_Stg_Source",
                                                "type": "DatasetReference"
                                            },
                                            "enableLogging": false,
                                            "storeSettings": {
                                                "type": "AzureBlobStorageReadSettings",
                                                "recursive": true,
                                                "wildcardFileName": {
                                                    "value": "@item().name",
                                                    "type": "Expression"
                                                },
                                                "enablePartitionDiscovery": false
                                            }
                                        }
                                    }
                                ],
                                "ifTrueActivities": [
                                    {
                                        "name": "Delete Stage Duplicate File",
                                        "type": "Delete",
                                        "dependsOn": [],
                                        "policy": {
                                            "timeout": "0.12:00:00",
                                            "retry": 0,
                                            "retryIntervalInSeconds": 30,
                                            "secureOutput": false,
                                            "secureInput": false
                                        },
                                        "userProperties": [],
                                        "typeProperties": {
                                            "dataset": {
                                                "referenceName": "DS_TR_Shap_Stg_Source",
                                                "type": "DatasetReference"
                                            },
                                            "enableLogging": false,
                                            "storeSettings": {
                                                "type": "AzureBlobStorageReadSettings",
                                                "recursive": true,
                                                "wildcardFileName": {
                                                    "value": "@item().name",
                                                    "type": "Expression"
                                                },
                                                "enablePartitionDiscovery": false
                                            }
                                        }
                                    }
                                ]
                            }
                        }
                    ]
                }
            }
        ],
        "variables": {
            "V_StartDate": {
                "type": "String"
            }
        },
        "annotations": [],
        "lastPublishTime": "2025-05-05T04:42:00Z"
    },
    "type": "Microsoft.DataFactory/factories/pipelines"
}