{
    "now": "2025-05-05T05:47:41.358Z",
    "perfNow": 2503843.5999999996,
    "diagnosticCorrelation": "36701dd6-c0a4-4309-8b5b-47069c6e4c77",
    "source": "DownloadSupportFiles",
    "environment": {
        "productName": "adf",
        "buildVersion": "1.0.042925.3",
        "environmentType": 3,
        "resourceName": "TRCard-ADF",
        "resourceRegion": "eastus",
        "resourceGroup": "TRCard-RG",
        "subscriptionId": "9c17386b-ad8a-4b50-a998-ad6604c10353",
        "sessionId": "pQjGcMKpMX8gbfwL2PbYFM",
        "operationId": "",
        "gitType": "live",
        "loggingKey": "20bcdcd4-f729-40f4-abe8-1c7b16b4e148"
    },
    "additionalInfo": {
        "selectedResource": "1_PL_Ingest_SHP_Files",
        "selectedResourceType": "pipeline",
        "dataFlowSessionId": "035a8857-9fe1-445b-8c37-a5867a5e6c54"
    }
}