{
    "now": "2025-05-05T06:15:26.304Z",
    "perfNow": 579500.5999999978,
    "diagnosticCorrelation": "9aa23edc-33d8-43f8-9f9b-a2a9d5ca93bf",
    "source": "DownloadSupportFiles",
    "environment": {
        "productName": "adf",
        "buildVersion": "1.0.042925.3",
        "environmentType": 3,
        "resourceName": "TRCard-ADF",
        "resourceRegion": "eastus",
        "resourceGroup": "TRCard-RG",
        "subscriptionId": "9c17386b-ad8a-4b50-a998-ad6604c10353",
        "sessionId": "pQjGcMKpMX8gbfwL2PbYFM",
        "operationId": "",
        "gitType": "live",
        "loggingKey": "b94d3678-cc78-471c-8aea-4370b99499d0"
    },
    "additionalInfo": {
        "selectedResource": "2_PL_Staging_Load_From_SHP_Files",
        "selectedResourceType": "pipeline"
    }
}