{
    "name": "1_PL_Ingest_SHP_Files",
    "properties": {
        "activities": [
            {
                "name": "Get Files Metadata",
                "type": "GetMetadata",
                "dependsOn": [],
                "policy": {
                    "timeout": "0.12:00:00",
                    "retry": 0,
                    "retryIntervalInSeconds": 30,
                    "secureOutput": false,
                    "secureInput": false
                },
                "userProperties": [],
                "typeProperties": {
                    "dataset": {
                        "referenceName": "DS_TR_Shap_Source",
                        "type": "DatasetReference"
                    },
                    "fieldList": [
                        "childItems"
                    ],
                    "storeSettings": {
                        "type": "AzureBlobStorageReadSettings",
                        "recursive": true,
                        "enablePartitionDiscovery": false
                    },
                    "formatSettings": {
                        "type": "DelimitedTextReadSettings"
                    }
                }
            },
            {
                "name": "ForEach Shap Files",
                "type": "ForEach",
                "dependsOn": [
                    {
                        "activity": "Filter Shap Files",
                        "dependencyConditions": [
                            "Succeeded"
                        ]
                    }
                ],
                "userProperties": [],
                "typeProperties": {
                    "items": {
                        "value": "@activity('Filter Shap Files').output.value",
                        "type": "Expression"
                    },
                    "activities": [
                        {
                            "name": "Copy Shap RawData",
                            "type": "Copy",
                            "dependsOn": [],
                            "policy": {
                                "timeout": "0.12:00:00",
                                "retry": 0,
                                "retryIntervalInSeconds": 30,
                                "secureOutput": false,
                                "secureInput": false
                            },
                            "userProperties": [],
                            "typeProperties": {
                                "source": {
                                    "type": "DelimitedTextSource",
                                    "storeSettings": {
                                        "type": "AzureBlobStorageReadSettings",
                                        "recursive": true,
                                        "wildcardFileName": {
                                            "value": "@item().name",
                                            "type": "Expression"
                                        },
                                        "enablePartitionDiscovery": false
                                    },
                                    "formatSettings": {
                                        "type": "DelimitedTextReadSettings",
                                        "compressionProperties": {
                                            "type": "ZipDeflateReadSettings",
                                            "preserveZipFileNameAsFolder": true
                                        }
                                    }
                                },
                                "sink": {
                                    "type": "DelimitedTextSink",
                                    "storeSettings": {
                                        "type": "AzureBlobStorageWriteSettings"
                                    },
                                    "formatSettings": {
                                        "type": "DelimitedTextWriteSettings",
                                        "quoteAllText": true,
                                        "fileExtension": ""
                                    }
                                },
                                "enableStaging": false,
                                "translator": {
                                    "type": "TabularTranslator",
                                    "typeConversion": true,
                                    "typeConversionSettings": {
                                        "allowDataTruncation": true,
                                        "treatBooleanAsNumber": false
                                    }
                                }
                            },
                            "inputs": [
                                {
                                    "referenceName": "DS_TR_Shap_Source",
                                    "type": "DatasetReference"
                                }
                            ],
                            "outputs": [
                                {
                                    "referenceName": "DS_TR_Shap_RawData",
                                    "type": "DatasetReference",
                                    "parameters": {
                                        "P_FileName": "@item().name"
                                    }
                                }
                            ]
                        },
                        {
                            "name": "Delete Source File",
                            "type": "Delete",
                            "dependsOn": [
                                {
                                    "activity": "Copy Shap RawData",
                                    "dependencyConditions": [
                                        "Succeeded"
                                    ]
                                }
                            ],
                            "policy": {
                                "timeout": "0.12:00:00",
                                "retry": 0,
                                "retryIntervalInSeconds": 30,
                                "secureOutput": false,
                                "secureInput": false
                            },
                            "userProperties": [],
                            "typeProperties": {
                                "dataset": {
                                    "referenceName": "DS_TR_Shap_Source",
                                    "type": "DatasetReference"
                                },
                                "enableLogging": false,
                                "storeSettings": {
                                    "type": "AzureBlobStorageReadSettings",
                                    "recursive": false,
                                    "enablePartitionDiscovery": false
                                }
                            }
                        }
                    ]
                }
            },
            {
                "name": "Filter Shap Files",
                "type": "Filter",
                "dependsOn": [
                    {
                        "activity": "Get Files Metadata",
                        "dependencyConditions": [
                            "Succeeded"
                        ]
                    }
                ],
                "userProperties": [],
                "typeProperties": {
                    "items": {
                        "value": "@activity('Get Files Metadata').output.childItems",
                        "type": "Expression"
                    },
                    "condition": {
                        "value": "@contains(item().name,'.zip')",
                        "type": "Expression"
                    }
                }
            }
        ],
        "annotations": [],
        "lastPublishTime": "2025-04-16T07:25:23Z"
    },
    "type": "Microsoft.DataFactory/factories/pipelines"
}