{
    "$schema": "https://schema.management.azure.com/schemas/2015-01-01/deploymentParameters.json#",
    "contentVersion": "1.0.0.0",
    "parameters": {
        "factoryName": {
            "value": "TRCard-ADF"
        },
        "LS_TrCardStgAcc_connectionString": {
            "value": ""
        },
        "AzureSqlDB_TRCard_DW_password": {
            "value": ""
        },
        "AzureSqlDB_TRCard_DW_properties_typeProperties_server": {
            "value": "trcard-srv.database.windows.net"
        },
        "AzureSqlDB_TRCard_DW_properties_typeProperties_database": {
            "value": "TRCard_DW"
        },
        "AzureSqlDB_TRCard_DW_properties_typeProperties_userName": {
            "value": "adm"
        }
    }
}