{
    "$schema": "http://schema.management.azure.com/schemas/2015-01-01/deploymentTemplate.json#",
    "contentVersion": "1.0.0.0",
    "parameters": {
        "factoryName": {
            "type": "string",
            "metadata": "Data Factory name",
            "defaultValue": "TRCard-ADF"
        },
        "LS_TrCardStgAcc_connectionString": {
            "type": "secureString",
            "metadata": "Secure string for 'connectionString' of 'LS_TrCardStgAcc'"
        },
        "AzureSqlDB_TRCard_DW_password": {
            "type": "secureString",
            "metadata": "Secure string for 'password' of 'AzureSqlDB_TRCard_DW'"
        },
        "AzureSqlDB_TRCard_DW_properties_typeProperties_server": {
            "type": "string",
            "defaultValue": "trcard-srv.database.windows.net"
        },
        "AzureSqlDB_TRCard_DW_properties_typeProperties_database": {
            "type": "string",
            "defaultValue": "TRCard_DW"
        },
        "AzureSqlDB_TRCard_DW_properties_typeProperties_userName": {
            "type": "string",
            "defaultValue": "adm"
        }
    },
    "variables": {
        "factoryId": "[concat('Microsoft.DataFactory/factories/', parameters('factoryName'))]"
    },
    "resources": [
        {
            "name": "[concat(parameters('factoryName'), '/LS_TrCardStgAcc')]",
            "type": "Microsoft.DataFactory/factories/linkedServices",
            "apiVersion": "2018-06-01",
            "properties": {
                "annotations": [],
                "type": "AzureBlobStorage",
                "typeProperties": {
                    "connectionString": "[parameters('LS_TrCardStgAcc_connectionString')]"
                }
            },
            "dependsOn": []
        },
        {
            "name": "[concat(parameters('factoryName'), '/AzureSqlDB_TRCard_DW')]",
            "type": "Microsoft.DataFactory/factories/linkedServices",
            "apiVersion": "2018-06-01",
            "properties": {
                "annotations": [],
                "type": "AzureSqlDatabase",
                "typeProperties": {
                    "server": "[parameters('AzureSqlDB_TRCard_DW_properties_typeProperties_server')]",
                    "database": "[parameters('AzureSqlDB_TRCard_DW_properties_typeProperties_database')]",
                    "encrypt": "mandatory",
                    "trustServerCertificate": false,
                    "authenticationType": "SQL",
                    "userName": "[parameters('AzureSqlDB_TRCard_DW_properties_typeProperties_userName')]",
                    "password": {
                        "type": "SecureString",
                        "value": "[parameters('AzureSqlDB_TRCard_DW_password')]"
                    }
                }
            },
            "dependsOn": []
        },
        {
            "name": "[concat(parameters('factoryName'), '/1_PL_Ingest_SHP_Files')]",
            "type": "Microsoft.DataFactory/factories/pipelines",
            "apiVersion": "2018-06-01",
            "properties": {
                "activities": [
                    {
                        "name": "Get Files Metadata",
                        "type": "GetMetadata",
                        "dependsOn": [],
                        "policy": {
                            "timeout": "0.12:00:00",
                            "retry": 0,
                            "retryIntervalInSeconds": 30,
                            "secureOutput": false,
                            "secureInput": false
                        },
                        "userProperties": [],
                        "typeProperties": {
                            "dataset": {
                                "referenceName": "DS_TR_Shap_Source",
                                "type": "DatasetReference",
                                "parameters": {}
                            },
                            "fieldList": [
                                "childItems"
                            ],
                            "storeSettings": {
                                "type": "AzureBlobStorageReadSettings",
                                "recursive": true,
                                "enablePartitionDiscovery": false
                            },
                            "formatSettings": {
                                "type": "DelimitedTextReadSettings"
                            }
                        }
                    },
                    {
                        "name": "ForEach Shap Files",
                        "type": "ForEach",
                        "dependsOn": [
                            {
                                "activity": "Filter Shap Files",
                                "dependencyConditions": [
                                    "Succeeded"
                                ]
                            }
                        ],
                        "userProperties": [],
                        "typeProperties": {
                            "items": {
                                "value": "@activity('Filter Shap Files').output.value",
                                "type": "Expression"
                            },
                            "activities": [
                                {
                                    "name": "Copy Shap RawData",
                                    "type": "Copy",
                                    "dependsOn": [],
                                    "policy": {
                                        "timeout": "0.12:00:00",
                                        "retry": 0,
                                        "retryIntervalInSeconds": 30,
                                        "secureOutput": false,
                                        "secureInput": false
                                    },
                                    "userProperties": [],
                                    "typeProperties": {
                                        "source": {
                                            "type": "DelimitedTextSource",
                                            "storeSettings": {
                                                "type": "AzureBlobStorageReadSettings",
                                                "recursive": true,
                                                "wildcardFileName": {
                                                    "value": "@item().name",
                                                    "type": "Expression"
                                                },
                                                "enablePartitionDiscovery": false
                                            },
                                            "formatSettings": {
                                                "type": "DelimitedTextReadSettings",
                                                "compressionProperties": {
                                                    "type": "ZipDeflateReadSettings",
                                                    "preserveZipFileNameAsFolder": true
                                                }
                                            }
                                        },
                                        "sink": {
                                            "type": "DelimitedTextSink",
                                            "storeSettings": {
                                                "type": "AzureBlobStorageWriteSettings"
                                            },
                                            "formatSettings": {
                                                "type": "DelimitedTextWriteSettings",
                                                "quoteAllText": true,
                                                "fileExtension": ""
                                            }
                                        },
                                        "enableStaging": false,
                                        "translator": {
                                            "type": "TabularTranslator",
                                            "typeConversion": true,
                                            "typeConversionSettings": {
                                                "allowDataTruncation": true,
                                                "treatBooleanAsNumber": false
                                            }
                                        }
                                    },
                                    "inputs": [
                                        {
                                            "referenceName": "DS_TR_Shap_Source",
                                            "type": "DatasetReference",
                                            "parameters": {}
                                        }
                                    ],
                                    "outputs": [
                                        {
                                            "referenceName": "DS_TR_Shap_RawData",
                                            "type": "DatasetReference",
                                            "parameters": {
                                                "P_FileName": "@item().name"
                                            }
                                        }
                                    ]
                                },
                                {
                                    "name": "Delete Source File",
                                    "type": "Delete",
                                    "dependsOn": [
                                        {
                                            "activity": "Copy Shap RawData",
                                            "dependencyConditions": [
                                                "Succeeded"
                                            ]
                                        }
                                    ],
                                    "policy": {
                                        "timeout": "0.12:00:00",
                                        "retry": 0,
                                        "retryIntervalInSeconds": 30,
                                        "secureOutput": false,
                                        "secureInput": false
                                    },
                                    "userProperties": [],
                                    "typeProperties": {
                                        "dataset": {
                                            "referenceName": "DS_TR_Shap_Source",
                                            "type": "DatasetReference",
                                            "parameters": {}
                                        },
                                        "enableLogging": false,
                                        "storeSettings": {
                                            "type": "AzureBlobStorageReadSettings",
                                            "recursive": false,
                                            "enablePartitionDiscovery": false
                                        }
                                    }
                                }
                            ]
                        }
                    },
                    {
                        "name": "Filter Shap Files",
                        "type": "Filter",
                        "dependsOn": [
                            {
                                "activity": "Get Files Metadata",
                                "dependencyConditions": [
                                    "Succeeded"
                                ]
                            }
                        ],
                        "userProperties": [],
                        "typeProperties": {
                            "items": {
                                "value": "@activity('Get Files Metadata').output.childItems",
                                "type": "Expression"
                            },
                            "condition": {
                                "value": "@contains(item().name,'.zip')",
                                "type": "Expression"
                            }
                        }
                    }
                ],
                "policy": {
                    "elapsedTimeMetric": {}
                },
                "annotations": [],
                "lastPublishTime": "2025-04-16T07:25:23Z"
            },
            "dependsOn": [
                "[concat(variables('factoryId'), '/datasets/DS_TR_Shap_Source')]",
                "[concat(variables('factoryId'), '/datasets/DS_TR_Shap_RawData')]"
            ]
        },
        {
            "name": "[concat(parameters('factoryName'), '/2_PL_Staging_Load_From_SHP_Files')]",
            "type": "Microsoft.DataFactory/factories/pipelines",
            "apiVersion": "2018-06-01",
            "properties": {
                "activities": [
                    {
                        "name": "Get Files Metadata",
                        "type": "GetMetadata",
                        "dependsOn": [],
                        "policy": {
                            "timeout": "0.12:00:00",
                            "retry": 0,
                            "retryIntervalInSeconds": 30,
                            "secureOutput": false,
                            "secureInput": false
                        },
                        "userProperties": [],
                        "typeProperties": {
                            "dataset": {
                                "referenceName": "DS_TR_Shap_Stg_Source",
                                "type": "DatasetReference",
                                "parameters": {}
                            },
                            "fieldList": [
                                "childItems"
                            ],
                            "storeSettings": {
                                "type": "AzureBlobStorageReadSettings",
                                "recursive": true,
                                "enablePartitionDiscovery": false
                            },
                            "formatSettings": {
                                "type": "DelimitedTextReadSettings"
                            }
                        }
                    },
                    {
                        "name": "Filter Shap Files",
                        "type": "Filter",
                        "dependsOn": [
                            {
                                "activity": "Get Files Metadata",
                                "dependencyConditions": [
                                    "Succeeded"
                                ]
                            }
                        ],
                        "userProperties": [],
                        "typeProperties": {
                            "items": {
                                "value": "@activity('Get Files Metadata').output.childItems",
                                "type": "Expression"
                            },
                            "condition": {
                                "value": "@contains(item().name,'.txt')",
                                "type": "Expression"
                            }
                        }
                    },
                    {
                        "name": "ForEach Shap Files",
                        "type": "ForEach",
                        "dependsOn": [
                            {
                                "activity": "Filter Shap Files",
                                "dependencyConditions": [
                                    "Succeeded"
                                ]
                            }
                        ],
                        "userProperties": [],
                        "typeProperties": {
                            "items": {
                                "value": "@activity('Filter Shap Files').output.value",
                                "type": "Expression"
                            },
                            "activities": [
                                {
                                    "name": "Set Start DateTime Variable",
                                    "type": "SetVariable",
                                    "dependsOn": [],
                                    "policy": {
                                        "secureOutput": false,
                                        "secureInput": false
                                    },
                                    "userProperties": [],
                                    "typeProperties": {
                                        "variableName": "V_StartDate",
                                        "value": {
                                            "value": "@utcNow()",
                                            "type": "Expression"
                                        }
                                    }
                                },
                                {
                                    "name": "Check Duplicate File",
                                    "type": "Lookup",
                                    "dependsOn": [
                                        {
                                            "activity": "Set Start DateTime Variable",
                                            "dependencyConditions": [
                                                "Succeeded"
                                            ]
                                        }
                                    ],
                                    "policy": {
                                        "timeout": "0.12:00:00",
                                        "retry": 0,
                                        "retryIntervalInSeconds": 30,
                                        "secureOutput": false,
                                        "secureInput": false
                                    },
                                    "userProperties": [],
                                    "typeProperties": {
                                        "source": {
                                            "type": "AzureSqlSource",
                                            "sqlReaderStoredProcedureName": "[[dbo].[CheckDuplicateFile]",
                                            "storedProcedureParameters": {
                                                "FileName": {
                                                    "type": "String",
                                                    "value": {
                                                        "value": "@item().name",
                                                        "type": "Expression"
                                                    }
                                                }
                                            },
                                            "queryTimeout": "02:00:00",
                                            "partitionOption": "None"
                                        },
                                        "dataset": {
                                            "referenceName": "DS_AzureSql",
                                            "type": "DatasetReference",
                                            "parameters": {}
                                        }
                                    }
                                },
                                {
                                    "name": "If Condition Duplicate File",
                                    "type": "IfCondition",
                                    "dependsOn": [
                                        {
                                            "activity": "Check Duplicate File",
                                            "dependencyConditions": [
                                                "Succeeded"
                                            ]
                                        }
                                    ],
                                    "userProperties": [],
                                    "typeProperties": {
                                        "expression": {
                                            "value": "@equals(activity('Check Duplicate File').output.firstRow.IsDuplicateFile, 1)",
                                            "type": "Expression"
                                        },
                                        "ifFalseActivities": [
                                            {
                                                "name": "DF_Staging_Load_From_SHP_Files",
                                                "type": "ExecuteDataFlow",
                                                "dependsOn": [
                                                    {
                                                        "activity": "Get Seq_FileImport_Log",
                                                        "dependencyConditions": [
                                                            "Succeeded"
                                                        ]
                                                    }
                                                ],
                                                "policy": {
                                                    "timeout": "0.12:00:00",
                                                    "retry": 0,
                                                    "retryIntervalInSeconds": 30,
                                                    "secureOutput": false,
                                                    "secureInput": false
                                                },
                                                "userProperties": [],
                                                "typeProperties": {
                                                    "dataflow": {
                                                        "referenceName": "DF_Staging_Load_From_SHP_Files",
                                                        "type": "DataFlowReference",
                                                        "parameters": {
                                                            "P_ImportId": {
                                                                "value": "@activity('Get Seq_FileImport_Log').output.firstRow.ImportId",
                                                                "type": "Expression"
                                                            },
                                                            "P_StgFileName": {
                                                                "value": "'@{item().name}'",
                                                                "type": "Expression"
                                                            }
                                                        },
                                                        "datasetParameters": {
                                                            "TrShapTxtSource": {},
                                                            "DimDateSource": {},
                                                            "SinkStageTable": {}
                                                        }
                                                    },
                                                    "staging": {},
                                                    "compute": {
                                                        "coreCount": 8,
                                                        "computeType": "General"
                                                    },
                                                    "traceLevel": "Fine"
                                                }
                                            },
                                            {
                                                "name": "Get Seq_FileImport_Log",
                                                "type": "Lookup",
                                                "dependsOn": [],
                                                "policy": {
                                                    "timeout": "0.12:00:00",
                                                    "retry": 0,
                                                    "retryIntervalInSeconds": 30,
                                                    "secureOutput": false,
                                                    "secureInput": false
                                                },
                                                "userProperties": [],
                                                "typeProperties": {
                                                    "source": {
                                                        "type": "AzureSqlSource",
                                                        "sqlReaderQuery": "SELECT NEXT VALUE FOR [dbo].[Seq_FileImport_Log] AS ImportId;",
                                                        "queryTimeout": "02:00:00",
                                                        "partitionOption": "None"
                                                    },
                                                    "dataset": {
                                                        "referenceName": "DS_AzureSql",
                                                        "type": "DatasetReference",
                                                        "parameters": {}
                                                    }
                                                }
                                            },
                                            {
                                                "name": "Insert ETL_FileImport_Log",
                                                "type": "SqlServerStoredProcedure",
                                                "dependsOn": [
                                                    {
                                                        "activity": "DF_Staging_Load_From_SHP_Files",
                                                        "dependencyConditions": [
                                                            "Succeeded"
                                                        ]
                                                    }
                                                ],
                                                "policy": {
                                                    "timeout": "0.12:00:00",
                                                    "retry": 0,
                                                    "retryIntervalInSeconds": 30,
                                                    "secureOutput": false,
                                                    "secureInput": false
                                                },
                                                "userProperties": [],
                                                "typeProperties": {
                                                    "storedProcedureName": "[[dbo].[Insert ETL_FileImport_Log]",
                                                    "storedProcedureParameters": {
                                                        "FileName": {
                                                            "value": {
                                                                "value": "@item().name",
                                                                "type": "Expression"
                                                            },
                                                            "type": "String"
                                                        },
                                                        "ImportId": {
                                                            "value": {
                                                                "value": "@activity('Get Seq_FileImport_Log').output.firstRow.ImportId",
                                                                "type": "Expression"
                                                            },
                                                            "type": "Int32"
                                                        },
                                                        "ImportStartDate": {
                                                            "value": {
                                                                "value": "@variables('V_StartDate')",
                                                                "type": "Expression"
                                                            },
                                                            "type": "Datetime"
                                                        }
                                                    }
                                                },
                                                "linkedServiceName": {
                                                    "referenceName": "AzureSqlDB_TRCard_DW",
                                                    "type": "LinkedServiceReference"
                                                }
                                            },
                                            {
                                                "name": "Copy Shap File To Archive",
                                                "type": "Copy",
                                                "dependsOn": [
                                                    {
                                                        "activity": "Insert ETL_FileImport_Log",
                                                        "dependencyConditions": [
                                                            "Succeeded"
                                                        ]
                                                    }
                                                ],
                                                "policy": {
                                                    "timeout": "0.12:00:00",
                                                    "retry": 0,
                                                    "retryIntervalInSeconds": 30,
                                                    "secureOutput": false,
                                                    "secureInput": false
                                                },
                                                "userProperties": [],
                                                "typeProperties": {
                                                    "source": {
                                                        "type": "DelimitedTextSource",
                                                        "storeSettings": {
                                                            "type": "AzureBlobStorageReadSettings",
                                                            "recursive": true,
                                                            "wildcardFolderPath": "ShapFiles",
                                                            "wildcardFileName": {
                                                                "value": "@item().name",
                                                                "type": "Expression"
                                                            },
                                                            "enablePartitionDiscovery": false
                                                        },
                                                        "formatSettings": {
                                                            "type": "DelimitedTextReadSettings"
                                                        }
                                                    },
                                                    "sink": {
                                                        "type": "DelimitedTextSink",
                                                        "storeSettings": {
                                                            "type": "AzureBlobStorageWriteSettings"
                                                        },
                                                        "formatSettings": {
                                                            "type": "DelimitedTextWriteSettings",
                                                            "quoteAllText": true,
                                                            "fileExtension": ".txt"
                                                        }
                                                    },
                                                    "enableStaging": false,
                                                    "translator": {
                                                        "type": "TabularTranslator",
                                                        "typeConversion": true,
                                                        "typeConversionSettings": {
                                                            "allowDataTruncation": true,
                                                            "treatBooleanAsNumber": false
                                                        }
                                                    }
                                                },
                                                "inputs": [
                                                    {
                                                        "referenceName": "DS_TR_Shap_Stg_Source",
                                                        "type": "DatasetReference",
                                                        "parameters": {}
                                                    }
                                                ],
                                                "outputs": [
                                                    {
                                                        "referenceName": "DS_TR_Shap_Archive",
                                                        "type": "DatasetReference",
                                                        "parameters": {
                                                            "P_FileName": "@item().name"
                                                        }
                                                    }
                                                ]
                                            },
                                            {
                                                "name": "Delete Stage File",
                                                "type": "Delete",
                                                "dependsOn": [
                                                    {
                                                        "activity": "Copy Shap File To Archive",
                                                        "dependencyConditions": [
                                                            "Succeeded"
                                                        ]
                                                    }
                                                ],
                                                "policy": {
                                                    "timeout": "0.12:00:00",
                                                    "retry": 0,
                                                    "retryIntervalInSeconds": 30,
                                                    "secureOutput": false,
                                                    "secureInput": false
                                                },
                                                "userProperties": [],
                                                "typeProperties": {
                                                    "dataset": {
                                                        "referenceName": "DS_TR_Shap_Stg_Source",
                                                        "type": "DatasetReference",
                                                        "parameters": {}
                                                    },
                                                    "enableLogging": false,
                                                    "storeSettings": {
                                                        "type": "AzureBlobStorageReadSettings",
                                                        "recursive": true,
                                                        "wildcardFileName": {
                                                            "value": "@item().name",
                                                            "type": "Expression"
                                                        },
                                                        "enablePartitionDiscovery": false
                                                    }
                                                }
                                            }
                                        ],
                                        "ifTrueActivities": [
                                            {
                                                "name": "Delete Stage Duplicate File",
                                                "type": "Delete",
                                                "dependsOn": [],
                                                "policy": {
                                                    "timeout": "0.12:00:00",
                                                    "retry": 0,
                                                    "retryIntervalInSeconds": 30,
                                                    "secureOutput": false,
                                                    "secureInput": false
                                                },
                                                "userProperties": [],
                                                "typeProperties": {
                                                    "dataset": {
                                                        "referenceName": "DS_TR_Shap_Stg_Source",
                                                        "type": "DatasetReference",
                                                        "parameters": {}
                                                    },
                                                    "enableLogging": false,
                                                    "storeSettings": {
                                                        "type": "AzureBlobStorageReadSettings",
                                                        "recursive": true,
                                                        "wildcardFileName": {
                                                            "value": "@item().name",
                                                            "type": "Expression"
                                                        },
                                                        "enablePartitionDiscovery": false
                                                    }
                                                }
                                            }
                                        ]
                                    }
                                }
                            ]
                        }
                    }
                ],
                "policy": {
                    "elapsedTimeMetric": {}
                },
                "variables": {
                    "V_StartDate": {
                        "type": "String"
                    }
                },
                "annotations": [],
                "lastPublishTime": "2025-05-05T04:42:00Z"
            },
            "dependsOn": [
                "[concat(variables('factoryId'), '/datasets/DS_TR_Shap_Stg_Source')]",
                "[concat(variables('factoryId'), '/datasets/DS_AzureSql')]",
                "[concat(variables('factoryId'), '/dataflows/DF_Staging_Load_From_SHP_Files')]",
                "[concat(variables('factoryId'), '/linkedServices/AzureSqlDB_TRCard_DW')]",
                "[concat(variables('factoryId'), '/datasets/DS_TR_Shap_Archive')]"
            ]
        },
        {
            "name": "[concat(parameters('factoryName'), '/DS_TR_Shap_Source')]",
            "type": "Microsoft.DataFactory/factories/datasets",
            "apiVersion": "2018-06-01",
            "properties": {
                "linkedServiceName": {
                    "referenceName": "LS_TrCardStgAcc",
                    "type": "LinkedServiceReference"
                },
                "annotations": [],
                "type": "DelimitedText",
                "typeProperties": {
                    "location": {
                        "type": "AzureBlobStorageLocation",
                        "container": "shapfiles"
                    },
                    "columnDelimiter": "|",
                    "rowDelimiter": "\n",
                    "compressionCodec": "ZipDeflate",
                    "compressionLevel": "Optimal",
                    "escapeChar": "\\",
                    "firstRowAsHeader": true,
                    "quoteChar": null
                },
                "schema": []
            },
            "dependsOn": [
                "[concat(variables('factoryId'), '/linkedServices/LS_TrCardStgAcc')]"
            ]
        },
        {
            "name": "[concat(parameters('factoryName'), '/DS_TR_Shap_RawData')]",
            "type": "Microsoft.DataFactory/factories/datasets",
            "apiVersion": "2018-06-01",
            "properties": {
                "linkedServiceName": {
                    "referenceName": "LS_TrCardStgAcc",
                    "type": "LinkedServiceReference"
                },
                "parameters": {
                    "P_FileName": {
                        "type": "string"
                    }
                },
                "annotations": [],
                "type": "DelimitedText",
                "typeProperties": {
                    "location": {
                        "type": "AzureBlobStorageLocation",
                        "fileName": {
                            "value": "@replace(dataset().P_FileName,'.zip', '.txt')",
                            "type": "Expression"
                        },
                        "folderPath": "ShapFiles",
                        "container": "rawdata"
                    },
                    "columnDelimiter": "|",
                    "rowDelimiter": "\n",
                    "compressionCodec": null,
                    "compressionLevel": "Optimal",
                    "escapeChar": "",
                    "firstRowAsHeader": true,
                    "quoteChar": ""
                },
                "schema": []
            },
            "dependsOn": [
                "[concat(variables('factoryId'), '/linkedServices/LS_TrCardStgAcc')]"
            ]
        },
        {
            "name": "[concat(parameters('factoryName'), '/DS_TR_Shap_Stg_Source')]",
            "type": "Microsoft.DataFactory/factories/datasets",
            "apiVersion": "2018-06-01",
            "properties": {
                "linkedServiceName": {
                    "referenceName": "LS_TrCardStgAcc",
                    "type": "LinkedServiceReference"
                },
                "annotations": [],
                "type": "DelimitedText",
                "typeProperties": {
                    "location": {
                        "type": "AzureBlobStorageLocation",
                        "folderPath": "ShapFiles",
                        "container": "rawdata"
                    },
                    "columnDelimiter": "|",
                    "escapeChar": "",
                    "firstRowAsHeader": true,
                    "quoteChar": ""
                },
                "schema": [
                    {
                        "name": "FinancialDate",
                        "type": "String"
                    },
                    {
                        "name": "SettlementDate",
                        "type": "String"
                    },
                    {
                        "name": "LocalTime",
                        "type": "String"
                    },
                    {
                        "name": "LocalDate",
                        "type": "String"
                    },
                    {
                        "name": "InTime",
                        "type": "String"
                    },
                    {
                        "name": "OutTime",
                        "type": "String"
                    },
                    {
                        "name": "SwitchDate",
                        "type": "String"
                    },
                    {
                        "name": "TraceNo",
                        "type": "String"
                    },
                    {
                        "name": "Amount",
                        "type": "String"
                    },
                    {
                        "name": "CardNo",
                        "type": "String"
                    },
                    {
                        "name": "AcquirePSPCode",
                        "type": "String"
                    },
                    {
                        "name": "AcquireBankCode",
                        "type": "String"
                    },
                    {
                        "name": "IssuerBankCode",
                        "type": "String"
                    },
                    {
                        "name": "LocalOrShetab",
                        "type": "String"
                    },
                    {
                        "name": "ToAccNo",
                        "type": "String"
                    },
                    {
                        "name": "AcquireIban",
                        "type": "String"
                    },
                    {
                        "name": "PrCode",
                        "type": "String"
                    },
                    {
                        "name": "TransAccountCode",
                        "type": "String"
                    },
                    {
                        "name": "BranchCode",
                        "type": "String"
                    },
                    {
                        "name": "SenfCode",
                        "type": "String"
                    },
                    {
                        "name": "MerchantCode",
                        "type": "String"
                    },
                    {
                        "name": "TerminalTypeCode",
                        "type": "String"
                    },
                    {
                        "name": "SerialNo",
                        "type": "String"
                    },
                    {
                        "name": "TerminalNo",
                        "type": "String"
                    },
                    {
                        "name": "ResponseCode",
                        "type": "String"
                    },
                    {
                        "name": "ReturnCode",
                        "type": "String"
                    },
                    {
                        "name": "MessageCode",
                        "type": "String"
                    },
                    {
                        "name": "StatusCode",
                        "type": "String"
                    },
                    {
                        "name": "SuccOrFail",
                        "type": "String"
                    },
                    {
                        "name": "IssuerFee",
                        "type": "String"
                    },
                    {
                        "name": "IssuerBankFee",
                        "type": "String"
                    },
                    {
                        "name": "ShetabFee",
                        "type": "String"
                    },
                    {
                        "name": "ShapFee",
                        "type": "String"
                    },
                    {
                        "name": "PSPAcquiretFee",
                        "type": "String"
                    },
                    {
                        "name": "MerchantFee",
                        "type": "String"
                    },
                    {
                        "name": "BillNo",
                        "type": "String"
                    },
                    {
                        "name": "PaymentNo",
                        "type": "String"
                    },
                    {
                        "name": "BillTypeOrganCode",
                        "type": "String"
                    },
                    {
                        "name": "OperationCode",
                        "type": "String"
                    },
                    {
                        "name": "DelayTime",
                        "type": "String"
                    },
                    {
                        "name": "GroupNo",
                        "type": "String"
                    },
                    {
                        "name": "CycleNoPreplanned",
                        "type": "String"
                    },
                    {
                        "name": "ReversalMessageCode",
                        "type": "String"
                    },
                    {
                        "name": "ReversalSuccOrFail",
                        "type": "String"
                    },
                    {
                        "name": "Shaparak",
                        "type": "String"
                    },
                    {
                        "name": "ReferenceNo",
                        "type": "String"
                    },
                    {
                        "name": "SettlementIban",
                        "type": "String"
                    }
                ]
            },
            "dependsOn": [
                "[concat(variables('factoryId'), '/linkedServices/LS_TrCardStgAcc')]"
            ]
        },
        {
            "name": "[concat(parameters('factoryName'), '/DS_AzureSql')]",
            "type": "Microsoft.DataFactory/factories/datasets",
            "apiVersion": "2018-06-01",
            "properties": {
                "linkedServiceName": {
                    "referenceName": "AzureSqlDB_TRCard_DW",
                    "type": "LinkedServiceReference"
                },
                "annotations": [],
                "type": "AzureSqlTable",
                "schema": [],
                "typeProperties": {}
            },
            "dependsOn": [
                "[concat(variables('factoryId'), '/linkedServices/AzureSqlDB_TRCard_DW')]"
            ]
        },
        {
            "name": "[concat(parameters('factoryName'), '/DS_TR_Shap_Archive')]",
            "type": "Microsoft.DataFactory/factories/datasets",
            "apiVersion": "2018-06-01",
            "properties": {
                "linkedServiceName": {
                    "referenceName": "LS_TrCardStgAcc",
                    "type": "LinkedServiceReference"
                },
                "parameters": {
                    "P_FileName": {
                        "type": "string"
                    }
                },
                "annotations": [],
                "type": "DelimitedText",
                "typeProperties": {
                    "location": {
                        "type": "AzureBlobStorageLocation",
                        "fileName": {
                            "value": "@replace(dataset().P_FileName,'.txt', '.zip')",
                            "type": "Expression"
                        },
                        "folderPath": "ShapFiles",
                        "container": "archive"
                    },
                    "columnDelimiter": "|",
                    "compressionCodec": "ZipDeflate",
                    "compressionLevel": "Optimal",
                    "escapeChar": "",
                    "firstRowAsHeader": true,
                    "quoteChar": ""
                },
                "schema": []
            },
            "dependsOn": [
                "[concat(variables('factoryId'), '/linkedServices/LS_TrCardStgAcc')]"
            ]
        },
        {
            "name": "[concat(parameters('factoryName'), '/DS_AzureSqlDimDate')]",
            "type": "Microsoft.DataFactory/factories/datasets",
            "apiVersion": "2018-06-01",
            "properties": {
                "linkedServiceName": {
                    "referenceName": "AzureSqlDB_TRCard_DW",
                    "type": "LinkedServiceReference"
                },
                "annotations": [],
                "type": "AzureSqlTable",
                "schema": [
                    {
                        "name": "DateKey",
                        "type": "int",
                        "precision": 10
                    },
                    {
                        "name": "FullDateAlternateKey",
                        "type": "date"
                    },
                    {
                        "name": "DayNumberOfWeek",
                        "type": "tinyint",
                        "precision": 3
                    },
                    {
                        "name": "EnglishDayNameOfWeek",
                        "type": "nvarchar"
                    },
                    {
                        "name": "DayNumberOfMonth",
                        "type": "tinyint",
                        "precision": 3
                    },
                    {
                        "name": "DayNumberOfYear",
                        "type": "smallint",
                        "precision": 5
                    },
                    {
                        "name": "WeekNumberOfYear",
                        "type": "tinyint",
                        "precision": 3
                    },
                    {
                        "name": "EnglishMonthName",
                        "type": "nvarchar"
                    },
                    {
                        "name": "MonthNumberOfYear",
                        "type": "tinyint",
                        "precision": 3
                    },
                    {
                        "name": "CalendarQuarter",
                        "type": "tinyint",
                        "precision": 3
                    },
                    {
                        "name": "CalendarYear",
                        "type": "smallint",
                        "precision": 5
                    },
                    {
                        "name": "CalendarSemester",
                        "type": "tinyint",
                        "precision": 3
                    },
                    {
                        "name": "FiscalQuarter",
                        "type": "tinyint",
                        "precision": 3
                    },
                    {
                        "name": "FiscalYear",
                        "type": "smallint",
                        "precision": 5
                    },
                    {
                        "name": "FiscalSemester",
                        "type": "tinyint",
                        "precision": 3
                    },
                    {
                        "name": "PersianDateKey",
                        "type": "int",
                        "precision": 10
                    }
                ],
                "typeProperties": {
                    "schema": "dbo",
                    "table": "DimDate"
                }
            },
            "dependsOn": [
                "[concat(variables('factoryId'), '/linkedServices/AzureSqlDB_TRCard_DW')]"
            ]
        },
        {
            "name": "[concat(parameters('factoryName'), '/DF_Staging_Load_From_SHP_Files')]",
            "type": "Microsoft.DataFactory/factories/dataflows",
            "apiVersion": "2018-06-01",
            "properties": {
                "type": "MappingDataFlow",
                "typeProperties": {
                    "sources": [
                        {
                            "dataset": {
                                "referenceName": "DS_TR_Shap_Stg_Source",
                                "type": "DatasetReference"
                            },
                            "name": "TrShapTxtSource"
                        },
                        {
                            "dataset": {
                                "referenceName": "DS_AzureSqlDimDate",
                                "type": "DatasetReference"
                            },
                            "name": "DimDateSource"
                        }
                    ],
                    "sinks": [
                        {
                            "linkedService": {
                                "referenceName": "AzureSqlDB_TRCard_DW",
                                "type": "LinkedServiceReference"
                            },
                            "name": "SinkStageTable"
                        }
                    ],
                    "transformations": [
                        {
                            "name": "DimDateSelect"
                        },
                        {
                            "name": "SelectFinancialDate"
                        },
                        {
                            "name": "SelectSettlementDate"
                        },
                        {
                            "name": "derivedColumns"
                        },
                        {
                            "name": "JoinWithSettlementDate"
                        },
                        {
                            "name": "JoinWithFinancialDate"
                        },
                        {
                            "name": "JoinWithLocalDate"
                        },
                        {
                            "name": "SelectLocalDate"
                        },
                        {
                            "name": "JoinSwitchDate"
                        },
                        {
                            "name": "SelectSwitchDate"
                        },
                        {
                            "name": "surrogateKey"
                        },
                        {
                            "name": "SelectStgTblColumns"
                        }
                    ],
                    "scriptLines": [
                        "parameters{",
                        "     P_ImportId as integer,",
                        "     P_StgFileName as string",
                        "}",
                        "source(output(",
                        "          FinancialDate as integer,",
                        "          SettlementDate as integer,",
                        "          LocalTime as string,",
                        "          LocalDate as integer,",
                        "          InTime as string,",
                        "          OutTime as string,",
                        "          SwitchDate as integer,",
                        "          TraceNo as integer,",
                        "          Amount as long,",
                        "          CardNo as string,",
                        "          AcquirePSPCode as string,",
                        "          AcquireBankCode as string,",
                        "          IssuerBankCode as string,",
                        "          LocalOrShetab as string,",
                        "          ToAccNo as string,",
                        "          AcquireIban as string,",
                        "          PrCode as short,",
                        "          TransAccountCode as string,",
                        "          BranchCode as string,",
                        "          SenfCode as string,",
                        "          MerchantCode as string,",
                        "          TerminalTypeCode as short,",
                        "          SerialNo as string,",
                        "          TerminalNo as string,",
                        "          ResponseCode as short,",
                        "          ReturnCode as short,",
                        "          MessageCode as short,",
                        "          StatusCode as integer,",
                        "          SuccOrFail as string,",
                        "          IssuerFee as long,",
                        "          IssuerBankFee as long,",
                        "          ShetabFee as long,",
                        "          ShapFee as long,",
                        "          PSPAcquiretFee as long,",
                        "          MerchantFee as long,",
                        "          BillNo as string,",
                        "          PaymentNo as string,",
                        "          BillTypeOrganCode as string,",
                        "          OperationCode as short,",
                        "          DelayTime as string,",
                        "          GroupNo as string,",
                        "          CycleNoPreplanned as short,",
                        "          ReversalMessageCode as short,",
                        "          ReversalSuccOrFail as string,",
                        "          Shaparak as string,",
                        "          ReferenceNo as integer,",
                        "          SettlementIban as string",
                        "     ),",
                        "     allowSchemaDrift: true,",
                        "     validateSchema: false,",
                        "     ignoreNoFilesFound: false) ~> TrShapTxtSource",
                        "source(output(",
                        "          DateKey as integer,",
                        "          FullDateAlternateKey as date,",
                        "          DayNumberOfWeek as integer,",
                        "          EnglishDayNameOfWeek as string,",
                        "          DayNumberOfMonth as integer,",
                        "          DayNumberOfYear as integer,",
                        "          WeekNumberOfYear as integer,",
                        "          EnglishMonthName as string,",
                        "          MonthNumberOfYear as integer,",
                        "          CalendarQuarter as integer,",
                        "          CalendarYear as integer,",
                        "          CalendarSemester as integer,",
                        "          FiscalQuarter as integer,",
                        "          FiscalYear as integer,",
                        "          FiscalSemester as integer,",
                        "          PersianDateKey as integer",
                        "     ),",
                        "     allowSchemaDrift: true,",
                        "     validateSchema: false,",
                        "     isolationLevel: 'READ_UNCOMMITTED',",
                        "     format: 'table') ~> DimDateSource",
                        "DimDateSource select(mapColumn(",
                        "          DateKey,",
                        "          PersianDateKey",
                        "     ),",
                        "     skipDuplicateMapInputs: true,",
                        "     skipDuplicateMapOutputs: true) ~> DimDateSelect",
                        "JoinWithFinancialDate select(mapColumn(",
                        "          FinancialDateKey = DateKey,",
                        "          SettlementDate,",
                        "          LocalTime,",
                        "          LocalDate,",
                        "          InTime,",
                        "          OutTime,",
                        "          SwitchDate,",
                        "          TraceNo,",
                        "          Amount,",
                        "          CardNo,",
                        "          AcquirePSPCode,",
                        "          AcquireBankCode,",
                        "          IssuerBankCode,",
                        "          LocalOrShetab,",
                        "          ToAccNo,",
                        "          AcquireIban,",
                        "          PrCode,",
                        "          TransAccountCode,",
                        "          BranchCode,",
                        "          SenfCode,",
                        "          MerchantCode,",
                        "          TerminalTypeCode,",
                        "          SerialNo,",
                        "          TerminalNo,",
                        "          ResponseCode,",
                        "          ReturnCode,",
                        "          MessageCode,",
                        "          StatusCode,",
                        "          SuccOrFail,",
                        "          IssuerFee,",
                        "          IssuerBankFee,",
                        "          ShetabFee,",
                        "          ShapFee,",
                        "          PSPAcquiretFee,",
                        "          MerchantFee,",
                        "          BillNo,",
                        "          PaymentNo,",
                        "          BillTypeOrganCode,",
                        "          OperationCode,",
                        "          DelayTime,",
                        "          GroupNo,",
                        "          CycleNoPreplanned,",
                        "          ReversalMessageCode,",
                        "          ReversalSuccOrFail,",
                        "          Shaparak,",
                        "          ReferenceNo,",
                        "          SettlementIban",
                        "     ),",
                        "     skipDuplicateMapInputs: true,",
                        "     skipDuplicateMapOutputs: true) ~> SelectFinancialDate",
                        "JoinWithSettlementDate select(mapColumn(",
                        "          FinancialDateKey,",
                        "          SettlementDateKey = DateKey,",
                        "          LocalTime,",
                        "          LocalDate,",
                        "          InTime,",
                        "          OutTime,",
                        "          SwitchDate,",
                        "          TraceNo,",
                        "          Amount,",
                        "          CardNo,",
                        "          AcquirePSPCode,",
                        "          AcquireBankCode,",
                        "          IssuerBankCode,",
                        "          LocalOrShetab,",
                        "          ToAccNo,",
                        "          AcquireIban,",
                        "          PrCode,",
                        "          TransAccountCode,",
                        "          BranchCode,",
                        "          SenfCode,",
                        "          MerchantCode,",
                        "          TerminalTypeCode,",
                        "          SerialNo,",
                        "          TerminalNo,",
                        "          ResponseCode,",
                        "          ReturnCode,",
                        "          MessageCode,",
                        "          StatusCode,",
                        "          SuccOrFail,",
                        "          IssuerFee,",
                        "          IssuerBankFee,",
                        "          ShetabFee,",
                        "          ShapFee,",
                        "          PSPAcquiretFee,",
                        "          MerchantFee,",
                        "          BillNo,",
                        "          PaymentNo,",
                        "          BillTypeOrganCode,",
                        "          OperationCode,",
                        "          DelayTime,",
                        "          GroupNo,",
                        "          CycleNoPreplanned,",
                        "          ReversalMessageCode,",
                        "          ReversalSuccOrFail,",
                        "          Shaparak,",
                        "          ReferenceNo,",
                        "          SettlementIban",
                        "     ),",
                        "     skipDuplicateMapInputs: true,",
                        "     skipDuplicateMapOutputs: true) ~> SelectSettlementDate",
                        "SelectSwitchDate derive(ImportId = $P_ImportId,",
                        "          AcquireBankCode1 = left(replace(AcquirePSPCode, \"-\", \"\") , 6),",
                        "          AcquireBankCode2 = substring(replace(AcquirePSPCode,\"-\",\"\"),7,4),",
                        "          IssuerBankCode1 = left(replace(IssuerBankCode,\"-\",\"\"),6),",
                        "          IssuerBankCode2 = substring(replace(IssuerBankCode,\"-\",\"\"),7,4),",
                        "          FromAccCode = left(TransAccountCode,2),",
                        "          ToAccCode = substring(TransAccountCode,3,2),",
                        "          BillType1 = left(BillTypeOrganCode,2),",
                        "          BillType2 = substring(BillTypeOrganCode,3,2),",
                        "          OrganCode = substring(BillTypeOrganCode,5,4),",
                        "          SettlementAccNo = iif(length(trim(SettlementIban)) > 10 , substring(SettlementIban,14,2) + \"XXXXXX\" + substring(SettlementIban,22,5), \"\"),",
                        "          LocalTime = left(LocalTime,2) + \":\" + substring(LocalTime,3,2) + \":\" + substring(LocalTime,5,2),",
                        "          InTime = left(InTime,2) + \":\" + substring(InTime,3,2) + \":\" + substring(InTime,5,2),",
                        "          OutTime = left(OutTime,2) + \":\" + substring(OutTime,3,2) + \":\" + substring(OutTime,5,2),",
                        "          CardNo = left(CardNo,6) + \"XXXXXX\" + substring(CardNo,13,4),",
                        "          DelayTime = iif(DelayTime == \"240000\", \"23:59:59\", left(DelayTime,2) + \":\" + substring(DelayTime,3,2) + \":\" + substring(DelayTime,5,2)),",
                        "          ToAccNo = left(ToAccNo,2) + \"XXXXXX\" + substring(ToAccNo,9,5),",
                        "          SettlementIban = iif(length(trim(SettlementIban)) > 10, left(SettlementIban,15) + \"XXXXXX\" + substring(SettlementIban,22,5), \"\"),",
                        "          AcquireIban = left(AcquireIban,15) + \"XXXXXX\" + substring(AcquireIban,22,5)) ~> derivedColumns",
                        "SelectFinancialDate, DimDateSelect join(SettlementDate == PersianDateKey,",
                        "     joinType:'left',",
                        "     matchType:'exact',",
                        "     ignoreSpaces: false,",
                        "     broadcast: 'auto')~> JoinWithSettlementDate",
                        "TrShapTxtSource, DimDateSelect join(FinancialDate == PersianDateKey,",
                        "     joinType:'left',",
                        "     matchType:'exact',",
                        "     ignoreSpaces: false,",
                        "     broadcast: 'auto')~> JoinWithFinancialDate",
                        "SelectSettlementDate, DimDateSelect join(LocalDate == PersianDateKey,",
                        "     joinType:'left',",
                        "     matchType:'exact',",
                        "     ignoreSpaces: false,",
                        "     broadcast: 'auto')~> JoinWithLocalDate",
                        "JoinWithLocalDate select(mapColumn(",
                        "          FinancialDateKey,",
                        "          SettlementDateKey,",
                        "          LocalTime,",
                        "          LocalDateKey = DateKey,",
                        "          InTime,",
                        "          OutTime,",
                        "          SwitchDate,",
                        "          TraceNo,",
                        "          Amount,",
                        "          CardNo,",
                        "          AcquirePSPCode,",
                        "          AcquireBankCode,",
                        "          IssuerBankCode,",
                        "          LocalOrShetab,",
                        "          ToAccNo,",
                        "          AcquireIban,",
                        "          PrCode,",
                        "          TransAccountCode,",
                        "          BranchCode,",
                        "          SenfCode,",
                        "          MerchantCode,",
                        "          TerminalTypeCode,",
                        "          SerialNo,",
                        "          TerminalNo,",
                        "          ResponseCode,",
                        "          ReturnCode,",
                        "          MessageCode,",
                        "          StatusCode,",
                        "          SuccOrFail,",
                        "          IssuerFee,",
                        "          IssuerBankFee,",
                        "          ShetabFee,",
                        "          ShapFee,",
                        "          PSPAcquiretFee,",
                        "          MerchantFee,",
                        "          BillNo,",
                        "          PaymentNo,",
                        "          BillTypeOrganCode,",
                        "          OperationCode,",
                        "          DelayTime,",
                        "          GroupNo,",
                        "          CycleNoPreplanned,",
                        "          ReversalMessageCode,",
                        "          ReversalSuccOrFail,",
                        "          Shaparak,",
                        "          ReferenceNo,",
                        "          SettlementIban",
                        "     ),",
                        "     skipDuplicateMapInputs: true,",
                        "     skipDuplicateMapOutputs: true) ~> SelectLocalDate",
                        "SelectLocalDate, DimDateSelect join(SwitchDate == PersianDateKey,",
                        "     joinType:'left',",
                        "     matchType:'exact',",
                        "     ignoreSpaces: false,",
                        "     broadcast: 'auto')~> JoinSwitchDate",
                        "JoinSwitchDate select(mapColumn(",
                        "          FinancialDateKey,",
                        "          SettlementDateKey,",
                        "          LocalTime,",
                        "          LocalDateKey,",
                        "          InTime,",
                        "          OutTime,",
                        "          SwitchDateKey = DateKey,",
                        "          TraceNo,",
                        "          Amount,",
                        "          CardNo,",
                        "          AcquirePSPCode,",
                        "          AcquireBankCode,",
                        "          IssuerBankCode,",
                        "          LocalOrShetab,",
                        "          ToAccNo,",
                        "          AcquireIban,",
                        "          PrCode,",
                        "          TransAccountCode,",
                        "          BranchCode,",
                        "          SenfCode,",
                        "          MerchantCode,",
                        "          TerminalTypeCode,",
                        "          SerialNo,",
                        "          TerminalNo,",
                        "          ResponseCode,",
                        "          ReturnCode,",
                        "          MessageCode,",
                        "          StatusCode,",
                        "          SuccOrFail,",
                        "          IssuerFee,",
                        "          IssuerBankFee,",
                        "          ShetabFee,",
                        "          ShapFee,",
                        "          PSPAcquiretFee,",
                        "          MerchantFee,",
                        "          BillNo,",
                        "          PaymentNo,",
                        "          BillTypeOrganCode,",
                        "          OperationCode,",
                        "          DelayTime,",
                        "          GroupNo,",
                        "          CycleNoPreplanned,",
                        "          ReversalMessageCode,",
                        "          ReversalSuccOrFail,",
                        "          Shaparak,",
                        "          ReferenceNo,",
                        "          SettlementIban",
                        "     ),",
                        "     skipDuplicateMapInputs: true,",
                        "     skipDuplicateMapOutputs: true) ~> SelectSwitchDate",
                        "derivedColumns keyGenerate(output(Id as long),",
                        "     startAt: 1L,",
                        "     stepValue: 1L) ~> surrogateKey",
                        "surrogateKey select(mapColumn(",
                        "          Id,",
                        "          ImportId,",
                        "          FinancialDateKey,",
                        "          SettlementDateKey,",
                        "          LocalTime,",
                        "          LocalDateKey,",
                        "          InTime,",
                        "          OutTime,",
                        "          SwitchDateKey,",
                        "          TraceNo,",
                        "          Amount,",
                        "          CardNo,",
                        "          AcquireBankCode1,",
                        "          AcquireBankCode2,",
                        "          IssuerBankCode1,",
                        "          IssuerBankCode2,",
                        "          LocalOrShetab,",
                        "          ToAccNo,",
                        "          AcquireIban,",
                        "          PrCode,",
                        "          FromAccCode,",
                        "          ToAccCode,",
                        "          BranchCode,",
                        "          SenfCode,",
                        "          MerchantCode,",
                        "          TerminalTypeCode,",
                        "          SerialNo,",
                        "          TerminalNo,",
                        "          ResponseCode,",
                        "          ReturnCode,",
                        "          MessageCode,",
                        "          StatusCode,",
                        "          SuccOrFail,",
                        "          IssuerFee,",
                        "          IssuerBankFee,",
                        "          ShetabFee,",
                        "          ShapFee,",
                        "          PSPAcquiretFee,",
                        "          MerchantFee,",
                        "          BillNo,",
                        "          PaymentNo,",
                        "          BillType1,",
                        "          BillType2,",
                        "          OrganCode,",
                        "          OperationCode,",
                        "          DelayTime,",
                        "          GroupNo,",
                        "          CycleNoPreplanned,",
                        "          ReversalMessageCode,",
                        "          ReversalSuccOrFail,",
                        "          Shaparak,",
                        "          ReferenceNo,",
                        "          SettlementIban,",
                        "          SettlementAccNo",
                        "     ),",
                        "     skipDuplicateMapInputs: true,",
                        "     skipDuplicateMapOutputs: true) ~> SelectStgTblColumns",
                        "SelectStgTblColumns sink(allowSchemaDrift: true,",
                        "     validateSchema: false,",
                        "     format: 'table',",
                        "     store: 'sqlserver',",
                        "     schemaName: 'dbo',",
                        "     tableName: ($P_StgFileName),",
                        "     insertable: true,",
                        "     updateable: false,",
                        "     deletable: false,",
                        "     upsertable: false,",
                        "     recreate: true,",
                        "     skipDuplicateMapInputs: true,",
                        "     skipDuplicateMapOutputs: true,",
                        "     errorHandlingOption: 'stopOnFirstError') ~> SinkStageTable"
                    ]
                }
            },
            "dependsOn": [
                "[concat(variables('factoryId'), '/datasets/DS_TR_Shap_Stg_Source')]",
                "[concat(variables('factoryId'), '/datasets/DS_AzureSqlDimDate')]",
                "[concat(variables('factoryId'), '/linkedServices/AzureSqlDB_TRCard_DW')]"
            ]
        }
    ]
}