{
    "name": "DS_AzureSqlDimDate",
    "properties": {
        "linkedServiceName": {
            "referenceName": "AzureSqlDB_TRCard_DW",
            "type": "LinkedServiceReference"
        },
        "annotations": [],
        "type": "AzureSqlTable",
        "schema": [
            {
                "name": "DateKey",
                "type": "int",
                "precision": 10
            },
            {
                "name": "FullDateAlternateKey",
                "type": "date"
            },
            {
                "name": "DayNumberOfWeek",
                "type": "tinyint",
                "precision": 3
            },
            {
                "name": "EnglishDayNameOfWeek",
                "type": "nvarchar"
            },
            {
                "name": "DayNumberOfMonth",
                "type": "tinyint",
                "precision": 3
            },
            {
                "name": "DayNumberOfYear",
                "type": "smallint",
                "precision": 5
            },
            {
                "name": "WeekNumberOfYear",
                "type": "tinyint",
                "precision": 3
            },
            {
                "name": "EnglishMonthName",
                "type": "nvarchar"
            },
            {
                "name": "MonthNumberOfYear",
                "type": "tinyint",
                "precision": 3
            },
            {
                "name": "CalendarQuarter",
                "type": "tinyint",
                "precision": 3
            },
            {
                "name": "CalendarYear",
                "type": "smallint",
                "precision": 5
            },
            {
                "name": "CalendarSemester",
                "type": "tinyint",
                "precision": 3
            },
            {
                "name": "FiscalQuarter",
                "type": "tinyint",
                "precision": 3
            },
            {
                "name": "FiscalYear",
                "type": "smallint",
                "precision": 5
            },
            {
                "name": "FiscalSemester",
                "type": "tinyint",
                "precision": 3
            },
            {
                "name": "PersianDateKey",
                "type": "int",
                "precision": 10
            }
        ],
        "typeProperties": {
            "schema": "dbo",
            "table": "DimDate"
        }
    },
    "type": "Microsoft.DataFactory/factories/datasets"
}