{
    "name": "DS_TR_Shap_Archive",
    "properties": {
        "linkedServiceName": {
            "referenceName": "LS_TrCardStgAcc",
            "type": "LinkedServiceReference"
        },
        "parameters": {
            "P_FileName": {
                "type": "string"
            }
        },
        "annotations": [],
        "type": "DelimitedText",
        "typeProperties": {
            "location": {
                "type": "AzureBlobStorageLocation",
                "fileName": {
                    "value": "@replace(dataset().P_FileName,'.txt', '.zip')",
                    "type": "Expression"
                },
                "folderPath": "ShapFiles",
                "container": "archive"
            },
            "columnDelimiter": "|",
            "compressionCodec": "ZipDeflate",
            "compressionLevel": "Optimal",
            "escapeChar": "",
            "firstRowAsHeader": true,
            "quoteChar": ""
        },
        "schema": []
    },
    "type": "Microsoft.DataFactory/factories/datasets"
}