{
    "name": "DS_TR_Shap_Stg_Source",
    "properties": {
        "linkedServiceName": {
            "referenceName": "LS_TrCardStgAcc",
            "type": "LinkedServiceReference"
        },
        "annotations": [],
        "type": "DelimitedText",
        "typeProperties": {
            "location": {
                "type": "AzureBlobStorageLocation",
                "folderPath": "ShapFiles",
                "container": "rawdata"
            },
            "columnDelimiter": "|",
            "escapeChar": "",
            "firstRowAsHeader": true,
            "quoteChar": ""
        },
        "schema": [
            {
                "name": "FinancialDate",
                "type": "String"
            },
            {
                "name": "SettlementDate",
                "type": "String"
            },
            {
                "name": "LocalTime",
                "type": "String"
            },
            {
                "name": "LocalDate",
                "type": "String"
            },
            {
                "name": "InTime",
                "type": "String"
            },
            {
                "name": "OutTime",
                "type": "String"
            },
            {
                "name": "SwitchDate",
                "type": "String"
            },
            {
                "name": "TraceNo",
                "type": "String"
            },
            {
                "name": "Amount",
                "type": "String"
            },
            {
                "name": "CardNo",
                "type": "String"
            },
            {
                "name": "AcquirePSPCode",
                "type": "String"
            },
            {
                "name": "AcquireBankCode",
                "type": "String"
            },
            {
                "name": "IssuerBankCode",
                "type": "String"
            },
            {
                "name": "LocalOrShetab",
                "type": "String"
            },
            {
                "name": "ToAccNo",
                "type": "String"
            },
            {
                "name": "AcquireIban",
                "type": "String"
            },
            {
                "name": "PrCode",
                "type": "String"
            },
            {
                "name": "TransAccountCode",
                "type": "String"
            },
            {
                "name": "BranchCode",
                "type": "String"
            },
            {
                "name": "SenfCode",
                "type": "String"
            },
            {
                "name": "MerchantCode",
                "type": "String"
            },
            {
                "name": "TerminalTypeCode",
                "type": "String"
            },
            {
                "name": "SerialNo",
                "type": "String"
            },
            {
                "name": "TerminalNo",
                "type": "String"
            },
            {
                "name": "ResponseCode",
                "type": "String"
            },
            {
                "name": "ReturnCode",
                "type": "String"
            },
            {
                "name": "MessageCode",
                "type": "String"
            },
            {
                "name": "StatusCode",
                "type": "String"
            },
            {
                "name": "SuccOrFail",
                "type": "String"
            },
            {
                "name": "IssuerFee",
                "type": "String"
            },
            {
                "name": "IssuerBankFee",
                "type": "String"
            },
            {
                "name": "ShetabFee",
                "type": "String"
            },
            {
                "name": "ShapFee",
                "type": "String"
            },
            {
                "name": "PSPAcquiretFee",
                "type": "String"
            },
            {
                "name": "MerchantFee",
                "type": "String"
            },
            {
                "name": "BillNo",
                "type": "String"
            },
            {
                "name": "PaymentNo",
                "type": "String"
            },
            {
                "name": "BillTypeOrganCode",
                "type": "String"
            },
            {
                "name": "OperationCode",
                "type": "String"
            },
            {
                "name": "DelayTime",
                "type": "String"
            },
            {
                "name": "GroupNo",
                "type": "String"
            },
            {
                "name": "CycleNoPreplanned",
                "type": "String"
            },
            {
                "name": "ReversalMessageCode",
                "type": "String"
            },
            {
                "name": "ReversalSuccOrFail",
                "type": "String"
            },
            {
                "name": "Shaparak",
                "type": "String"
            },
            {
                "name": "ReferenceNo",
                "type": "String"
            },
            {
                "name": "SettlementIban",
                "type": "String"
            }
        ]
    },
    "type": "Microsoft.DataFactory/factories/datasets"
}